"PO","取引業者コード","","配送センター","ウィンドウの種類","ウィンドウ開始日","ウィンドウ終了日","総ケース数","総額"
"7U5ZF8OZ","WP1A4","2020/05/27","HSG1 - 鳥栖市, Saga","着荷ウィンドウ (元払い)","2020/05/27","2020/06/01","1","1343"
"2DE3P8SJ","WP1A4","2020/05/27","HND6 - 川崎市, Kanagawa","着荷ウィンドウ (元払い)","2020/05/27","2020/06/01","33","48574"
"6A9ABCGZ","WP1A4","2020/05/27","TYO1 - 川口市, 埼玉県","着荷ウィンドウ (元払い)","2020/05/27","2020/06/01","22","24738"
"2QN72S9N","WP1A4","2020/05/27","TPFB - 伊勢原市, Kanagawa","着荷ウィンドウ (元払い)","2020/05/27","2020/06/01","7","43305"
"7PJ5SNLM","WP1A4","2020/05/27","KIX3 - 茨木市, Osaka","着荷ウィンドウ (元払い)","2020/05/27","2020/06/01","26","31313"
"7JYUZC1T","WP1A4","2020/05/27","HSG1 - 鳥栖市, Saga","着荷ウィンドウ (元払い)","2020/05/27","2020/06/01","2","6900"
"7BI2PFXC","WP1A4","2020/05/27","VJNC - 東大阪市, 大阪府","着荷ウィンドウ (元払い)","2020/05/27","2020/06/01","2","3662"
"79NB4C3N","WP1A4","2020/05/27","TPF4 - 稲沢市, Aichi","着荷ウィンドウ (元払い)","2020/05/27","2020/06/01","5","16714"
"75MZRBWG","WP1A4","2020/05/27","KIX1 - 堺市, Osaka","着荷ウィンドウ (元払い)","2020/05/27","2020/06/01","7","9652"
"71XHK47C","WP1A4","2020/05/27","NRT1 - 市川市, Chiba","着荷ウィンドウ (元払い)","2020/05/27","2020/06/01","10","11871"
"2XA8QKHP","WP1A4","2020/05/27","VJNA - 柏市, 千葉県","着荷ウィンドウ (元払い)","2020/05/27","2020/06/01","3","5493"
"2UCP9ZYR","WP1A4","2020/05/27","HND9 - 川崎市, 神奈川県","着荷ウィンドウ (元払い)","2020/05/27","2020/06/01","5","6802"
"2RPXX8WW","WP1A4","2020/05/27","HND8 - 八王子市, Tokyo","着荷ウィンドウ (元払い)","2020/05/27","2020/06/01","7","7366"
"2LUVZ4VA","WP1A4","2020/05/27","HSG1 - 鳥栖市, Saga","着荷ウィンドウ (元払い)","2020/05/27","2020/06/01","12","14480"
"2K15E11L","WP1A4","2020/05/27","NGO2 - 多治見市, Gifu","着荷ウィンドウ (元払い)","2020/05/27","2020/06/01","6","9441"
"2CBBTS5A","WP1A4","2020/05/27","KIX5 - 京田辺市, 京都府","着荷ウィンドウ (元払い)","2020/05/27","2020/06/01","18","19395"
"25Z2ASDB","WP1A4","2020/05/27","TPF6 - 印西市, 千葉県","着荷ウィンドウ (元払い)","2020/05/27","2020/06/01","1","1930"
"245AOOIM","WP1A4","2020/05/27","OKJ1 - 総社市, Okayama","着荷ウィンドウ (元払い)","2020/05/27","2020/06/01","8","10617"
"21YQXS7U","WP1A4","2020/05/27","VJNB - 神戸市, 兵庫県","着荷ウィンドウ (元払い)","2020/05/27","2020/06/01","2","3662"
"7TJG5NRT","WP1A4","2020/05/27","TPF2 - 比企郡, Saitama","着荷ウィンドウ (元払い)","2020/05/27","2020/06/01","1","4841"
"716HTFZW","WP1A4","2020/05/27","TPF9 - 習志野市, Chiba","着荷ウィンドウ (元払い)","2020/05/27","2020/06/01","1","1831"
"2YCZM15Y","WP1A4","2020/05/27","FSZ1 - 小田原市, Kanagawa","着荷ウィンドウ (元払い)","2020/05/27","2020/06/01","1","477"
"2OSFGOEY","WP1A4","2020/05/27","TPFA - 野田市, Chiba","着荷ウィンドウ (元払い)","2020/05/27","2020/06/01","2","5414"
"2O6YYILP","2UQ7Z","2020/05/27","HSG1 - 鳥栖市, Saga","着荷ウィンドウ (元払い)","2020/05/27","2020/06/01","3","7201"
"2FP6OMIY","2UQ7Z","2020/05/27","HND6 - 川崎市, Kanagawa","着荷ウィンドウ (元払い)","2020/05/27","2020/06/01","10","37043"
"2DUF3INJ","2UQ7Z","2020/05/27","NRT1 - 市川市, Chiba","着荷ウィンドウ (元払い)","2020/05/27","2020/06/01","3","6797"
"6XZLKSDD","2UQ7Z","2020/05/27","VJNA - 柏市, 千葉県","着荷ウィンドウ (元払い)","2020/05/27","2020/06/01","0","0"
"6QWCB5EY","2UQ7Z","2020/05/27","KIX1 - 堺市, Osaka","着荷ウィンドウ (元払い)","2020/05/27","2020/06/01","1","1240"
"6NO1OSFX","2UQ7Z","2020/05/27","TPFA - 野田市, Chiba","着荷ウィンドウ (元払い)","2020/05/27","2020/06/01","1","42750"
"6KAAMD6W","2UQ7Z","2020/05/27","VJNB - 神戸市, 兵庫県","着荷ウィンドウ (元払い)","2020/05/27","2020/06/01","1","22350"
"6HCR5SNY","2UQ7Z","2020/05/27","TPF9 - 習志野市, Chiba","着荷ウィンドウ (元払い)","2020/05/27","2020/06/01","3","58000"
"68UXUWKH","2UQ7Z","2020/05/27","TPFB - 伊勢原市, Kanagawa","着荷ウィンドウ (元払い)","2020/05/27","2020/06/01","3","113430"
"683Y59DB","2UQ7Z","2020/05/27","TYO1 - 川口市, 埼玉県","着荷ウィンドウ (元払い)","2020/05/27","2020/06/01","2","3944"
"643NS97U","2UQ7Z","2020/05/27","HND8 - 八王子市, Tokyo","着荷ウィンドウ (元払い)","2020/05/27","2020/06/01","1","280"
"4XTYPFTS","2UQ7Z","2020/05/27","HND9 - 川崎市, 神奈川県","着荷ウィンドウ (元払い)","2020/05/27","2020/06/01","1","9712"
"4SAOW49Z","2UQ7Z","2020/05/27","VJNB - 神戸市, 兵庫県","着荷ウィンドウ (元払い)","2020/05/27","2020/06/01","1","22350"
"4RYWRBSW","2UQ7Z","2020/05/27","HND9 - 川崎市, 神奈川県","着荷ウィンドウ (元払い)","2020/05/27","2020/06/01","1","3330"
"4FSLA7ZB","2UQ7Z","2020/05/27","KIX5 - 京田辺市, 京都府","着荷ウィンドウ (元払い)","2020/05/27","2020/06/01","2","28624"
"483RPZ4Q","2UQ7Z","2020/05/27","KIX3 - 茨木市, Osaka","着荷ウィンドウ (元払い)","2020/05/27","2020/06/01","1","3890"
"6X8LU56X","2UQ7Z","2020/05/27","TPF2 - 比企郡, Saitama","着荷ウィンドウ (元払い)","2020/05/27","2020/06/01","1","211500"
"3XLLNANO","2UQ7Z","2020/05/26","HND8 - 八王子市, Tokyo","着荷ウィンドウ (元払い)","2020/05/26","2020/05/29","2","5720"
"3ONOJWXR","2UQ7Z","2020/05/26","TPFA - 野田市, Chiba","着荷ウィンドウ (元払い)","2020/05/26","2020/05/29","1","27800"
"7IVB6QEA","2UQ7Z","2020/05/26","KIX1 - 堺市, Osaka","着荷ウィンドウ (元払い)","2020/05/26","2020/05/29","1","1240"
"7767AICI","2UQ7Z","2020/05/26","TPF4 - 稲沢市, Aichi","着荷ウィンドウ (元払い)","2020/05/26","2020/05/29","1","42750"
"614DBWON","2UQ7Z","2020/05/26","HSG1 - 鳥栖市, Saga","着荷ウィンドウ (元払い)","2020/05/26","2020/05/29","1","2219"
"32LZROXT","2UQ7Z","2020/05/26","KIX5 - 京田辺市, 京都府","着荷ウィンドウ (元払い)","2020/05/26","2020/05/29","2","4548"
"2Q62QDFD","2UQ7Z","2020/05/26","TPFB - 伊勢原市, Kanagawa","着荷ウィンドウ (元払い)","2020/05/26","2020/05/29","1","1029"
"5VM8ORGS","2UQ7Z","2020/05/26","HND6 - 川崎市, Kanagawa","着荷ウィンドウ (元払い)","2020/05/26","2020/05/29","5","13065"
"5DA34R6Y","2UQ7Z","2020/05/26","NRT1 - 市川市, Chiba","着荷ウィンドウ (元払い)","2020/05/26","2020/05/29","3","30224"
"29YNH2OV","2UQ7Z","2020/05/26","OKJ1 - 総社市, Okayama","着荷ウィンドウ (元払い)","2020/05/26","2020/05/29","2","3388"
"3FKFRV2R","2UQ7Z","2020/05/26","NGO2 - 多治見市, Gifu","着荷ウィンドウ (元払い)","2020/05/26","2020/05/29","1","9472"
"6VY6FTSQ","WP1A4","2020/05/26","HSG1 - 鳥栖市, Saga","着荷ウィンドウ (元払い)","2020/05/26","2020/05/29","9","6953"
"6G3BQIAR","WP1A4","2020/05/26","HND8 - 八王子市, Tokyo","着荷ウィンドウ (元払い)","2020/05/26","2020/05/29","11","10896"
"6ZNON2IU","WP1A4","2020/05/26","HSG1 - 鳥栖市, Saga","着荷ウィンドウ (元払い)","2020/05/26","2020/05/29","1","4239"
"6XSX1XNF","WP1A4","2020/05/26","VJNA - 柏市, 千葉県","着荷ウィンドウ (元払い)","2020/05/26","2020/05/29","1","1831"
"6RHNHXVG","WP1A4","2020/05/26","OKJ1 - 総社市, Okayama","着荷ウィンドウ (元払い)","2020/05/26","2020/05/29","3","4283"
"6PC4R2KO","WP1A4","2020/05/26","KIX5 - 京田辺市, 京都府","着荷ウィンドウ (元払い)","2020/05/26","2020/05/29","2","8094"
"6MELAI2Q","WP1A4","2020/05/26","TYO1 - 川口市, 埼玉県","着荷ウィンドウ (元払い)","2020/05/26","2020/05/29","4","4465"
"6BB1NTWE","WP1A4","2020/05/26","KIX1 - 堺市, Osaka","着荷ウィンドウ (元払い)","2020/05/26","2020/05/29","3","1997"
"5GD5TT3T","WP1A4","2020/05/26","TPF4 - 稲沢市, Aichi","着荷ウィンドウ (元払い)","2020/05/26","2020/05/29","1","4841"
"55PST1OK","WP1A4","2020/05/26","TPFA - 野田市, Chiba","着荷ウィンドウ (元払い)","2020/05/26","2020/05/29","1","4970"
"1TZNFRBA","WP1A4","2020/05/26","NRT1 - 市川市, Chiba","着荷ウィンドウ (元払い)","2020/05/26","2020/05/29","6","6275"
"1JDBEYWR","WP1A4","2020/05/26","HND6 - 川崎市, Kanagawa","着荷ウィンドウ (元払い)","2020/05/26","2020/05/29","13","11974"
"189QSBRF","WP1A4","2020/05/26","HND9 - 川崎市, 神奈川県","着荷ウィンドウ (元払い)","2020/05/26","2020/05/29","5","5197"
"149GGBLY","WP1A4","2020/05/26","KIX3 - 茨木市, Osaka","着荷ウィンドウ (元払い)","2020/05/26","2020/05/29","5","3150"
"6YVOWEBO","WP1A4","2020/05/26","TPFB - 伊勢原市, Kanagawa","着荷ウィンドウ (元払い)","2020/05/26","2020/05/29","1","3679"
"5ZXIQDBW","WP1A4","2020/05/26","KIX2 - 大東市, Osaka","着荷ウィンドウ (元払い)","2020/05/26","2020/05/29","1","4841"
"5H55KHAZ","WP1A4","2020/05/26","FSZ1 - 小田原市, Kanagawa","着荷ウィンドウ (元払い)","2020/05/26","2020/05/29","1","2014"
"8F2QDVON","WP1A4","2020/05/26","HND6 - 川崎市, Kanagawa","着荷ウィンドウ (元払い)","2020/05/26","2020/05/29","1","1259"
"5YLWD8GB","2UQ7Z","2020/05/25","TYO1 - 川口市, 埼玉県","着荷ウィンドウ (元払い)","2020/05/25","2020/05/28","1","9472"
"5UATVFTR","2UQ7Z","2020/05/25","HND9 - 川崎市, 神奈川県","着荷ウィンドウ (元払い)","2020/05/25","2020/05/28","1","1358"
"5FN7IN9B","2UQ7Z","2020/05/25","KIX5 - 京田辺市, 京都府","着荷ウィンドウ (元払い)","2020/05/25","2020/05/28","1","9472"
"5LT1LJQA","2UQ7Z","2020/05/25","TPFA - 野田市, Chiba","着荷ウィンドウ (元払い)","2020/05/25","2020/05/28","4","45070"
"5RTIZR2W","2UQ7Z","2020/05/25","KIX1 - 堺市, Osaka","着荷ウィンドウ (元払い)","2020/05/25","2020/05/28","2","10690"
"6I1BDJRN","2UQ7Z","2020/05/25","TPFB - 伊勢原市, Kanagawa","着荷ウィンドウ (元払い)","2020/05/25","2020/05/28","2","18800"
"3MG5XO7A","2UQ7Z","2020/05/25","HND8 - 八王子市, Tokyo","着荷ウィンドウ (元払い)","2020/05/25","2020/05/28","2","12656"
"7U3QIQUB","2UQ7Z","2020/05/25","TPF2 - 比企郡, Saitama","着荷ウィンドウ (元払い)","2020/05/25","2020/05/28","1","2400"
"71F12QMB","2UQ7Z","2020/05/25","HSG1 - 鳥栖市, Saga","着荷ウィンドウ (元払い)","2020/05/25","2020/05/28","2","13362"
"3RZFQZRT","2UQ7Z","2020/05/25","VJNA - 柏市, 千葉県","着荷ウィンドウ (元払い)","2020/05/25","2020/05/28","1","22350"
"7DAKF2YT","2UQ7Z","2020/05/25","HND6 - 川崎市, Kanagawa","着荷ウィンドウ (元払い)","2020/05/25","2020/05/28","14","84128"
"2M5LTURY","2UQ7Z","2020/05/25","KIX3 - 茨木市, Osaka","着荷ウィンドウ (元払い)","2020/05/25","2020/05/28","4","22451"
"2HDBR7EL","2UQ7Z","2020/05/25","OKJ1 - 総社市, Okayama","着荷ウィンドウ (元払い)","2020/05/25","2020/05/28","6","8922"
"27SQLUNL","2UQ7Z","2020/05/25","NRT1 - 市川市, Chiba","着荷ウィンドウ (元払い)","2020/05/25","2020/05/28","1","2219"
"277Q9BBQ","WP1A4","2020/05/25","HND6 - 川崎市, Kanagawa","着荷ウィンドウ (元払い)","2020/05/25","2020/05/28","27","31221"
"4N568DDR","WP1A4","2020/05/25","KIX5 - 京田辺市, 京都府","着荷ウィンドウ (元払い)","2020/05/25","2020/05/28","7","6467"
"4MD6HP6L","WP1A4","2020/05/25","TPF6 - 印西市, 千葉県","着荷ウィンドウ (元払い)","2020/05/25","2020/05/28","4","20319"
"4JFN15NN","WP1A4","2020/05/25","TPFB - 伊勢原市, Kanagawa","着荷ウィンドウ (元払い)","2020/05/25","2020/05/28","21","68584"
"4ICV5OZE","WP1A4","2020/05/25","OKJ1 - 総社市, Okayama","着荷ウィンドウ (元払い)","2020/05/25","2020/05/28","3","4149"
"4FQ4SWXJ","WP1A4","2020/05/25","HND8 - 八王子市, Tokyo","着荷ウィンドウ (元払い)","2020/05/25","2020/05/28","8","13068"
"494355PH","WP1A4","2020/05/25","KIX3 - 茨木市, Osaka","着荷ウィンドウ (元払い)","2020/05/25","2020/05/28","11","14573"
"2XPWYF8Y","WP1A4","2020/05/25","HSG1 - 鳥栖市, Saga","着荷ウィンドウ (元払い)","2020/05/25","2020/05/28","1","4841"
"2RUV1B7C","WP1A4","2020/05/25","VJNA - 柏市, 千葉県","着荷ウィンドウ (元払い)","2020/05/25","2020/05/28","1","5874"
"2Q14F7CN","WP1A4","2020/05/25","NRT1 - 市川市, Chiba","着荷ウィンドウ (元払い)","2020/05/25","2020/05/28","18","34164"
"2N3KXMTP","WP1A4","2020/05/25","HND9 - 川崎市, 神奈川県","着荷ウィンドウ (元払い)","2020/05/25","2020/05/28","3","4985"
"2MBL7YMJ","WP1A4","2020/05/25","NGO2 - 多治見市, Gifu","着荷ウィンドウ (元払い)","2020/05/25","2020/05/28","5","13490"
"2ELRNQQY","WP1A4","2020/05/25","KIX1 - 堺市, Osaka","着荷ウィンドウ (元払い)","2020/05/25","2020/05/28","2","5755"
"2CR12MVJ","WP1A4","2020/05/25","TPF4 - 稲沢市, Aichi","着荷ウィンドウ (元払い)","2020/05/25","2020/05/28","1","4841"
"27YPYYIW","WP1A4","2020/05/25","KIX2 - 大東市, Osaka","着荷ウィンドウ (元払い)","2020/05/25","2020/05/28","3","10458"
"264YDUNH","WP1A4","2020/05/25","HSG1 - 鳥栖市, Saga","着荷ウィンドウ (元払い)","2020/05/25","2020/05/28","10","19004"
"22FG6MXD","WP1A4","2020/05/25","TYO1 - 川口市, 埼玉県","着荷ウィンドウ (元払い)","2020/05/25","2020/05/28","11","21943"
"6NFKUEIU","2UQ7Z","2020/05/25","KIX2 - 大東市, Osaka","着荷ウィンドウ (元払い)","2020/05/25","2020/05/28","1","12736"
"395TCYPN","WP1A4","2020/05/22","OKJ1 - 総社市, Okayama","着荷ウィンドウ (元払い)","2020/05/22","2020/05/27","3","2420"
"5WKSF3MU","WP1A4","2020/05/22","TPF4 - 稲沢市, Aichi","着荷ウィンドウ (元払い)","2020/05/22","2020/05/27","1","4970"
"5SPXJ6QN","WP1A4","2020/05/22","VJNA - 柏市, 千葉県","着荷ウィンドウ (元払い)","2020/05/22","2020/05/27","1","1095"
"8QLZ2ZYX","WP1A4","2020/05/22","HND8 - 八王子市, Tokyo","着荷ウィンドウ (元払い)","2020/05/22","2020/05/27","10","13265"
"7E8ACC1A","WP1A4","2020/05/22","FSZ1 - 小田原市, Kanagawa","着荷ウィンドウ (元払い)","2020/05/22","2020/05/27","3","3933"
"6V92PK3L","WP1A4","2020/05/22","TPF2 - 比企郡, Saitama","着荷ウィンドウ (元払い)","2020/05/22","2020/05/27","1","4592"
"5TSWYFMQ","WP1A4","2020/05/22","NGO2 - 多治見市, Gifu","着荷ウィンドウ (元払い)","2020/05/22","2020/05/27","4","3457"
"7Z1YCTBJ","WP1A4","2020/05/22","TYO1 - 川口市, 埼玉県","着荷ウィンドウ (元払い)","2020/05/22","2020/05/27","9","12165"
"7G8L6XAM","WP1A4","2020/05/22","HND6 - 川崎市, Kanagawa","着荷ウィンドウ (元払い)","2020/05/22","2020/05/27","11","12299"
"6FTFM4BP","WP1A4","2020/05/22","HND9 - 川崎市, 神奈川県","着荷ウィンドウ (元払い)","2020/05/22","2020/05/27","10","18983"
"4PDLSDKK","WP1A4","2020/05/22","TPFB - 伊勢原市, Kanagawa","着荷ウィンドウ (元払い)","2020/05/22","2020/05/27","9","37426"
"1CKIBI1E","WP1A4","2020/05/22","KIX5 - 京田辺市, 京都府","着荷ウィンドウ (元払い)","2020/05/22","2020/05/27","9","11303"
"1EF9WLVT","WP1A4","2020/05/22","NRT1 - 市川市, Chiba","着荷ウィンドウ (元払い)","2020/05/22","2020/05/27","16","26090"
"4Z3MESLK","WP1A4","2020/05/22","KIX1 - 堺市, Osaka","着荷ウィンドウ (元払い)","2020/05/22","2020/05/27","4","3336"
"4L2JBKXA","WP1A4","2020/05/22","TPF6 - 印西市, 千葉県","着荷ウィンドウ (元払い)","2020/05/22","2020/05/27","2","7722"
"3TYIDGZW","WP1A4","2020/05/22","HSG1 - 鳥栖市, Saga","着荷ウィンドウ (元払い)","2020/05/22","2020/05/27","1","2292"
"2F8PG8CC","WP1A4","2020/05/22","HSG1 - 鳥栖市, Saga","着荷ウィンドウ (元払い)","2020/05/22","2020/05/27","7","6475"
"3EUNESOD","WP1A4","2020/05/22","VJNC - 東大阪市, 大阪府","着荷ウィンドウ (元払い)","2020/05/22","2020/05/27","2","10466"
"6CQKGUMO","2UQ7Z","2020/05/22","KIX1 - 堺市, Osaka","着荷ウィンドウ (元払い)","2020/05/22","2020/05/27","102","349628"
"677ANJ2V","2UQ7Z","2020/05/22","HSG1 - 鳥栖市, Saga","着荷ウィンドウ (元払い)","2020/05/22","2020/05/27","2","45150"
"73L5VCUL","2UQ7Z","2020/05/22","OKJ1 - 総社市, Okayama","着荷ウィンドウ (元払い)","2020/05/22","2020/05/27","1","9472"
"5I99JAUY","2UQ7Z","2020/05/22","TPFB - 伊勢原市, Kanagawa","着荷ウィンドウ (元払い)","2020/05/22","2020/05/27","8","97860"
"67NI9ESY","2UQ7Z","2020/05/22","TYO1 - 川口市, 埼玉県","着荷ウィンドウ (元払い)","2020/05/22","2020/05/27","2","6342"
"6LDT7TZF","2UQ7Z","2020/05/22","KIX2 - 大東市, Osaka","着荷ウィンドウ (元払い)","2020/05/22","2020/05/27","1","20270"
"3R23OBLV","2UQ7Z","2020/05/22","HSG1 - 鳥栖市, Saga","着荷ウィンドウ (元払い)","2020/05/22","2020/05/27","8","30576"
"5LSG2TEZ","2UQ7Z","2020/05/22","HND9 - 川崎市, 神奈川県","着荷ウィンドウ (元払い)","2020/05/22","2020/05/27","3","11908"
"1FYD6CEC","WP1A4","2020/05/22","KIX3 - 茨木市, Osaka","着荷ウィンドウ (元払い)","2020/05/22","2020/05/27","10","12354"
"7G8SQQIG","2UQ7Z","2020/05/22","VJNB - 神戸市, 兵庫県","着荷ウィンドウ (元払い)","2020/05/22","2020/05/27","5","81750"
"5KKCIOKN","2UQ7Z","2020/05/22","KIX5 - 京田辺市, 京都府","着荷ウィンドウ (元払い)","2020/05/22","2020/05/27","5","18465"
"1OATRJBQ","2UQ7Z","2020/05/22","HND6 - 川崎市, Kanagawa","着荷ウィンドウ (元払い)","2020/05/22","2020/05/27","6","9404"
"169GCBHZ","2UQ7Z","2020/05/22","TPF6 - 印西市, 千葉県","着荷ウィンドウ (元払い)","2020/05/22","2020/05/27","1","20270"
"2FUHALHC","2UQ7Z","2020/05/22","NGO2 - 多治見市, Gifu","着荷ウィンドウ (元払い)","2020/05/22","2020/05/27","3","6501"
"69IDMWRK","2UQ7Z","2020/05/22","TPF2 - 比企郡, Saitama","着荷ウィンドウ (元払い)","2020/05/22","2020/05/27","17","311397"
"1UWZ8PNP","2UQ7Z","2020/05/22","TPF7 - 印西市, 千葉県","着荷ウィンドウ (元払い)","2020/05/22","2020/05/27","2","28500"
"1XA8D8GS","2UQ7Z","2020/05/21","TYO1 - 川口市, 埼玉県","着荷ウィンドウ (元払い)","2020/05/21","2020/05/26","7","37683"
"4FJ73K8B","WP1A4","2020/05/21","NGO2 - 多治見市, Gifu","着荷ウィンドウ (元払い)","2020/05/21","2020/05/26","10","8141"
"3BY6AY5W","2UQ7Z","2020/05/21","KIX5 - 京田辺市, 京都府","着荷ウィンドウ (元払い)","2020/05/21","2020/05/26","7","34411"
"7OVVAMMU","2UQ7Z","2020/05/21","VJNC - 東大阪市, 大阪府","着荷ウィンドウ (元払い)","2020/05/21","2020/05/26","1","18600"
"4EB7BTIM","2UQ7Z","2020/05/21","HND8 - 八王子市, Tokyo","着荷ウィンドウ (元払い)","2020/05/21","2020/05/26","10","48621"
"4YYC3TEY","2UQ7Z","2020/05/21","TPFA - 野田市, Chiba","着荷ウィンドウ (元払い)","2020/05/21","2020/05/26","13","232740"
"82LW34LG","2UQ7Z","2020/05/21","VJNB - 神戸市, 兵庫県","着荷ウィンドウ (元払い)","2020/05/21","2020/05/26","1","22350"
"5HTAUXBG","2UQ7Z","2020/05/21","NRT1 - 市川市, Chiba","着荷ウィンドウ (元払い)","2020/05/21","2020/05/26","17","67263"
"898XQVTI","2UQ7Z","2020/05/21","NGO2 - 多治見市, Gifu","着荷ウィンドウ (元払い)","2020/05/21","2020/05/26","6","26176"
"7DXUWGVF","WP1A4","2020/05/21","KIX5 - 京田辺市, 京都府","着荷ウィンドウ (元払い)","2020/05/21","2020/05/26","7","4595"
"4IRP9PFW","2UQ7Z","2020/05/21","HND6 - 川崎市, Kanagawa","着荷ウィンドウ (元払い)","2020/05/21","2020/05/26","10","61650"
"4IGX4WYT","2UQ7Z","2020/05/21","HSG1 - 鳥栖市, Saga","着荷ウィンドウ (元払い)","2020/05/21","2020/05/26","7","28874"
"4M6GC5OX","2UQ7Z","2020/05/21","HSG1 - 鳥栖市, Saga","着荷ウィンドウ (元払い)","2020/05/21","2020/05/26","1","9375"
"8JF6Y7LL","2UQ7Z","2020/05/21","VJNB - 神戸市, 兵庫県","着荷ウィンドウ (元払い)","2020/05/21","2020/05/26","1","18600"
"8663LN5H","2UQ7Z","2020/05/21","TPF7 - 印西市, 千葉県","着荷ウィンドウ (元払い)","2020/05/21","2020/05/26","1","14250"
"1MCBRGTA","2UQ7Z","2020/05/21","HND9 - 川崎市, 神奈川県","着荷ウィンドウ (元払い)","2020/05/21","2020/05/26","1","4984"
"82GKEFFD","WP1A4","2020/05/21","VJNA - 柏市, 千葉県","着荷ウィンドウ (元払い)","2020/05/21","2020/05/26","1","1095"
"8SYR4JCL","WP1A4","2020/05/21","HND9 - 川崎市, 神奈川県","着荷ウィンドウ (元払い)","2020/05/21","2020/05/26","13","8506"
"5646YP9O","WP1A4","2020/05/21","FSZ1 - 小田原市, Kanagawa","着荷ウィンドウ (元払い)","2020/05/21","2020/05/26","6","7051"
"3M5EI9WZ","WP1A4","2020/05/21","KIX2 - 大東市, Osaka","着荷ウィンドウ (元払い)","2020/05/21","2020/05/26","1","3486"
"35XRO5XX","WP1A4","2020/05/21","HND8 - 八王子市, Tokyo","着荷ウィンドウ (元払い)","2020/05/21","2020/05/26","25","34147"
"7VDP34SQ","WP1A4","2020/05/21","NRT1 - 市川市, Chiba","着荷ウィンドウ (元払い)","2020/05/21","2020/05/26","23","18766"
"26NSGSBS","WP1A4","2020/05/21","HSG1 - 鳥栖市, Saga","着荷ウィンドウ (元払い)","2020/05/21","2020/05/26","9","9316"
"3VJMYWHW","WP1A4","2020/05/21","KIX3 - 茨木市, Osaka","着荷ウィンドウ (元払い)","2020/05/21","2020/05/26","13","13090"
"3L833WJQ","WP1A4","2020/05/21","OKJ1 - 総社市, Okayama","着荷ウィンドウ (元払い)","2020/05/21","2020/05/26","9","7765"
"3CQ9T1GZ","WP1A4","2020/05/21","HSG1 - 鳥栖市, Saga","着荷ウィンドウ (元払い)","2020/05/21","2020/05/26","1","3486"
"2E2TV8QA","WP1A4","2020/05/21","VJNC - 東大阪市, 大阪府","着荷ウィンドウ (元払い)","2020/05/21","2020/05/26","1","4592"
"7FCIP44O","WP1A4","2020/05/21","KIX1 - 堺市, Osaka","着荷ウィンドウ (元払い)","2020/05/21","2020/05/26","3","2182"
"6GGSOKYS","WP1A4","2020/05/21","HND6 - 川崎市, Kanagawa","着荷ウィンドウ (元払い)","2020/05/21","2020/05/26","7","8025"
"692RA5JK","WP1A4","2020/05/21","TYO1 - 川口市, 埼玉県","着荷ウィンドウ (元払い)","2020/05/21","2020/05/26","13","9628"
"75RXJRDO","WP1A4","2020/05/21","TPFB - 伊勢原市, Kanagawa","着荷ウィンドウ (元払い)","2020/05/21","2020/05/26","17","66078"
"2X46IN2E","WP1A4","2020/05/20","KIX5 - 京田辺市, 京都府","着荷ウィンドウ (元払い)","2020/05/20","2020/05/25","15","16154"
"2G5JXUVW","WP1A4","2020/05/20","VJNC - 東大阪市, 大阪府","着荷ウィンドウ (元払い)","2020/05/20","2020/05/25","2","9184"
"1R69LCAS","WP1A4","2020/05/20","HND9 - 川崎市, 神奈川県","着荷ウィンドウ (元払い)","2020/05/20","2020/05/25","9","9346"
"839ZBHHU","2UQ7Z","2020/05/20","HSG1 - 鳥栖市, Saga","着荷ウィンドウ (元払い)","2020/05/20","2020/05/25","22","123139"
"3RL46IIR","2UQ7Z","2020/05/20","KIX1 - 堺市, Osaka","着荷ウィンドウ (元払い)","2020/05/20","2020/05/25","11","54824"
"35U7J2YW","2UQ7Z","2020/05/20","TPF6 - 印西市, 千葉県","着荷ウィンドウ (元払い)","2020/05/20","2020/05/25","7","84180"
"7Y8B411V","2UQ7Z","2020/05/20","HND6 - 川崎市, Kanagawa","着荷ウィンドウ (元払い)","2020/05/20","2020/05/25","16","70750"
"7EC62OCP","2UQ7Z","2020/05/20","NRT1 - 市川市, Chiba","着荷ウィンドウ (元払い)","2020/05/20","2020/05/25","6","29904"
"5SZSMMWN","2UQ7Z","2020/05/20","VJNB - 神戸市, 兵庫県","着荷ウィンドウ (元払い)","2020/05/20","2020/05/25","4","66900"
"3FEROEPW","2UQ7Z","2020/05/20","HND9 - 川崎市, 神奈川県","着荷ウィンドウ (元払い)","2020/05/20","2020/05/25","20","94168"
"7N8MIHEU","WP1A4","2020/05/19","HND9 - 川崎市, 神奈川県","着荷ウィンドウ (元払い)","2020/05/19","2020/05/22","8","13019"
"2SW3UE2C","WP1A4","2020/05/19","HSG1 - 鳥栖市, Saga","着荷ウィンドウ (元払い)","2020/05/19","2020/05/22","5","11746"
"6RLJGIKQ","WP1A4","2020/05/19","KIX5 - 京田辺市, 京都府","着荷ウィンドウ (元払い)","2020/05/19","2020/05/22","10","8344"
"553O3K7N","WP1A4","2020/05/19","HND8 - 八王子市, Tokyo","着荷ウィンドウ (元払い)","2020/05/19","2020/05/22","5","7357"
"75NS1CNX","2UQ7Z","2020/05/19","KIX5 - 京田辺市, 京都府","着荷ウィンドウ (元払い)","2020/05/19","2020/05/22","5","5416"
"8L46AU1C","2UQ7Z","2020/05/19","HND8 - 八王子市, Tokyo","着荷ウィンドウ (元払い)","2020/05/19","2020/05/22","100","331500"
"7P95WVVA","2UQ7Z","2020/05/19","TPF6 - 印西市, 千葉県","着荷ウィンドウ (元払い)","2020/05/19","2020/05/22","5","94722"
"2YGL8IUP","2UQ7Z","2020/05/19","VJNB - 神戸市, 兵庫県","着荷ウィンドウ (元払い)","2020/05/19","2020/05/22","5","74250"
"4S9RHFXZ","2UQ7Z","2020/05/18","HSG1 - 鳥栖市, Saga","着荷ウィンドウ (元払い)","2020/05/18","2020/05/22","1","500"
"86K73LJH","WP1A4","2020/05/18","KIX5 - 京田辺市, 京都府","着荷ウィンドウ (元払い)","2020/05/18","2020/05/21","10","11584"
"82UNVDTD","WP1A4","2020/05/18","HND9 - 川崎市, 神奈川県","着荷ウィンドウ (元払い)","2020/05/18","2020/05/21","7","7775"
"5OG6J29D","2UQ7Z","2020/05/18","KIX3 - 茨木市, Osaka","着荷ウィンドウ (元払い)","2020/05/18","2020/05/21","7","21961"
"79AYZZLL","2UQ7Z","2020/05/18","VJNB - 神戸市, 兵庫県","着荷ウィンドウ (元払い)","2020/05/18","2020/05/21","9","133650"
"5MLEWXEO","2UQ7Z","2020/05/18","TPF7 - 印西市, 千葉県","着荷ウィンドウ (元払い)","2020/05/18","2020/05/21","1","14250"
"1RN6QJUO","2UQ7Z","2020/05/18","HND8 - 八王子市, Tokyo","着荷ウィンドウ (元払い)","2020/05/18","2020/05/21","6","17483"
"1LBW7K3P","2UQ7Z","2020/05/18","HND3 - 比企郡 川島町, Saitama","着荷ウィンドウ (元払い)","2020/05/18","2020/05/21","1","2400"
"15WA44BT","2UQ7Z","2020/05/18","TPF6 - 印西市, 千葉県","着荷ウィンドウ (元払い)","2020/05/18","2020/05/21","4","51840"
"127QVVLP","2UQ7Z","2020/05/18","HSG1 - 鳥栖市, Saga","着荷ウィンドウ (元払い)","2020/05/18","2020/05/21","8","15773"
"7MDNK2JU","2UQ7Z","2020/05/15","KIX3 - 茨木市, Osaka","着荷ウィンドウ (元払い)","2020/05/15","2020/05/20","13","31014"
"7V68YQ3O","2UQ7Z","2020/05/15","TPF6 - 印西市, 千葉県","着荷ウィンドウ (元払い)","2020/05/15","2020/05/20","5","39470"
"7QOQ1U6E","2UQ7Z","2020/05/15","HND8 - 八王子市, Tokyo","着荷ウィンドウ (元払い)","2020/05/15","2020/05/20","11","18789"
"774D5AXB","2UQ7Z","2020/05/15","TYO1 - 川口市, 埼玉県","着荷ウィンドウ (元払い)","2020/05/15","2020/05/20","3","15146"
"3ZGTUL3F","2UQ7Z","2020/05/15","HND9 - 川崎市, 神奈川県","着荷ウィンドウ (元払い)","2020/05/15","2020/05/20","3","14834"
"38XN5H6X","2UQ7Z","2020/05/15","VJNB - 神戸市, 兵庫県","着荷ウィンドウ (元払い)","2020/05/15","2020/05/20","4","59400"
"5U5U1DQV","2UQ7Z","2020/05/14","HND6 - 川崎市, Kanagawa","着荷ウィンドウ (元払い)","2020/05/14","2020/05/19","11","20023"
"5D78GLKN","2UQ7Z","2020/05/14","HND8 - 八王子市, Tokyo","着荷ウィンドウ (元払い)","2020/05/14","2020/05/19","12","37264"
"5RZBAHFD","2UQ7Z","2020/05/14","TPF6 - 印西市, 千葉県","着荷ウィンドウ (元払い)","2020/05/14","2020/05/19","11","212879"
"5R8BJT8X","2UQ7Z","2020/05/14","KIX5 - 京田辺市, 京都府","着荷ウィンドウ (元払い)","2020/05/14","2020/05/19","4","8042"
"59N9HV9G","2UQ7Z","2020/05/14","VJNB - 神戸市, 兵庫県","着荷ウィンドウ (元払い)","2020/05/14","2020/05/19","3","44550"
"36NCHO1A","WP1A4","2020/05/13","VJNC - 東大阪市, 大阪府","着荷ウィンドウ (元払い)","2020/05/13","2020/05/18","1","1095"
"86BWI3AE","2UQ7Z","2020/05/13","VJNB - 神戸市, 兵庫県","着荷ウィンドウ (元払い)","2020/05/13","2020/05/18","4","59400"
"8EQXS7DM","2UQ7Z","2020/05/12","HND6 - 川崎市, Kanagawa","着荷ウィンドウ (元払い)","2020/05/12","2020/05/15","5","29025"
"328USVVT","2UQ7Z","2020/05/11","HSG1 - 鳥栖市, Saga","着荷ウィンドウ (元払い)","2020/05/11","2020/05/14","5","9040"
"6WTMM9KT","2UQ7Z","2020/05/11","TPF6 - 印西市, 千葉県","着荷ウィンドウ (元払い)","2020/05/11","2020/05/14","2","18368"
"31RQZF9N","2UQ7Z","2020/05/11","KIX3 - 茨木市, Osaka","着荷ウィンドウ (元払い)","2020/05/11","2020/05/14","12","34409"
"8CKYGISZ","2UQ7Z","2020/05/11","TPFA - 野田市, Chiba","着荷ウィンドウ (元払い)","2020/05/11","2020/05/14","1","148500"
"5L1U641W","2UQ7Z","2020/05/11","HND6 - 川崎市, Kanagawa","着荷ウィンドウ (元払い)","2020/05/11","2020/05/14","24","61175"
"65SQ7E3L","2UQ7Z","2020/05/08","HND6 - 川崎市, Kanagawa","着荷ウィンドウ (元払い)","2020/05/08","2020/05/13","15","62563"
"5MPYL35E","WP1A4","2020/05/08","TPF6 - 印西市, 千葉県","着荷ウィンドウ (元払い)","2020/05/08","2020/05/13","4","11999"
"3IM97BON","2UQ7Z","2020/05/07","HSG1 - 鳥栖市, Saga","着荷ウィンドウ (元払い)","2020/05/07","2020/05/12","11","44616"
"3B87RV9F","2UQ7Z","2020/05/07","TPF6 - 印西市, 千葉県","着荷ウィンドウ (元払い)","2020/05/07","2020/05/12","8","78548"
"33IE8NDU","2UQ7Z","2020/05/07","NGO2 - 多治見市, Gifu","着荷ウィンドウ (元払い)","2020/05/07","2020/05/12","3","3584"
"3V4CT7XL","2UQ7Z","2020/05/07","TPF3 - 高槻市, Osaka","着荷ウィンドウ (元払い)","2020/05/07","2020/05/12","1","148500"
"3E5Q9FRD","2UQ7Z","2020/05/07","TPF2 - 比企郡, Saitama","着荷ウィンドウ (元払い)","2020/05/07","2020/05/12","3","192279"
"2QOUW8FJ","WP1A4","2020/05/07","TPF6 - 印西市, 千葉県","着荷ウィンドウ (元払い)","2020/05/07","2020/05/12","13","36923"
"2JATHRZB","WP1A4","2020/05/07","KIX3 - 茨木市, Osaka","着荷ウィンドウ (元払い)","2020/05/07","2020/05/12","40","28231"
"825JBLAU","WP1A4","2020/05/01","NRT1 - 市川市, Chiba","着荷ウィンドウ (元払い)","2020/05/01","2020/05/11","9","5575"
"66ZQZBJL","WP1A4","2020/05/01","HND6 - 川崎市, Kanagawa","着荷ウィンドウ (元払い)","2020/05/01","2020/05/11","2","918"
"6438IR1N","WP1A4","2020/05/01","KIX5 - 京田辺市, 京都府","着荷ウィンドウ (元払い)","2020/05/01","2020/05/11","1","459"
"6FHKA7MC","WP1A4","2020/05/01","HND8 - 八王子市, Tokyo","着荷ウィンドウ (元払い)","2020/05/01","2020/05/11","7","3363"
"3YDVL54U","WP1A4","2020/05/01","TYO1 - 川口市, 埼玉県","着荷ウィンドウ (元払い)","2020/05/01","2020/05/11","2","968"
"3PW3B91D","WP1A4","2020/05/01","HSG1 - 鳥栖市, Saga","着荷ウィンドウ (元払い)","2020/05/01","2020/05/11","5","2322"
"75UQTXGW","WP1A4","2020/05/01","OKJ1 - 総社市, Okayama","着荷ウィンドウ (元払い)","2020/05/01","2020/05/11","1","459"
"8VLSFAAL","2UQ7Z","2020/05/01","HND8 - 八王子市, Tokyo","着荷ウィンドウ (元払い)","2020/05/01","2020/05/11","1","4361"
"8R5AHEDB","2UQ7Z","2020/05/01","VJNA - 柏市, 千葉県","着荷ウィンドウ (元払い)","2020/05/01","2020/05/11","4","59400"
"84BLYI6X","2UQ7Z","2020/05/01","TPF3 - 高槻市, Osaka","着荷ウィンドウ (元払い)","2020/05/01","2020/05/11","2","254250"
"6IA77OFL","2UQ7Z","2020/05/01","NRT1 - 市川市, Chiba","着荷ウィンドウ (元払い)","2020/05/01","2020/05/11","4","27666"
"64PBPCIE","2UQ7Z","2020/05/01","KIX5 - 京田辺市, 京都府","着荷ウィンドウ (元払い)","2020/05/01","2020/05/11","102","345333"
"5HLEHSHO","2UQ7Z","2020/05/01","KIX1 - 堺市, Osaka","着荷ウィンドウ (元払い)","2020/05/01","2020/05/11","2","14687"
"5AYCT19M","2UQ7Z","2020/05/01","TPF4 - 稲沢市, Aichi","着荷ウィンドウ (元払い)","2020/05/01","2020/05/11","1","10776"
"4HGN22GQ","2UQ7Z","2020/04/30","HND6 - 川崎市, Kanagawa","着荷ウィンドウ (元払い)","2020/04/30","2020/05/11","103","352943"
"8Q9GVAZR","WP1A4","2020/04/30","HND6 - 川崎市, Kanagawa","着荷ウィンドウ (元払い)","2020/04/30","2020/05/11","3","4274"
"7M9FPSTU","WP1A4","2020/04/30","KIX1 - 堺市, Osaka","着荷ウィンドウ (元払い)","2020/04/30","2020/05/11","2","968"
"8151Q8FP","2UQ7Z","2020/04/30","KIX3 - 茨木市, Osaka","着荷ウィンドウ (元払い)","2020/04/30","2020/05/11","125","447728"
"3YPB9XNU","2UQ7Z","2020/04/30","HND3 - 比企郡 川島町, Saitama","着荷ウィンドウ (元払い)","2020/04/30","2020/05/11","9","142268"
"8P1H4KAC","2UQ7Z","2020/04/30","HSG1 - 鳥栖市, Saga","着荷ウィンドウ (元払い)","2020/04/30","2020/05/11","12","64275"
"8NXP94MT","2UQ7Z","2020/04/30","KIX5 - 京田辺市, 京都府","着荷ウィンドウ (元払い)","2020/04/30","2020/05/11","108","373295"
"8LBXWCKY","2UQ7Z","2020/04/30","VJNB - 神戸市, 兵庫県","着荷ウィンドウ (元払い)","2020/04/30","2020/05/11","1","14850"
"86Z3OCGL","2UQ7Z","2020/04/30","OKJ1 - 総社市, Okayama","着荷ウィンドウ (元払い)","2020/04/30","2020/05/11","100","331500"
"83AKH4QH","2UQ7Z","2020/04/30","VJNA - 柏市, 千葉県","着荷ウィンドウ (元払い)","2020/04/30","2020/05/11","2","29700"
"3UOZWXHN","2UQ7Z","2020/04/30","NGO2 - 多治見市, Gifu","着荷ウィンドウ (元払い)","2020/04/30","2020/05/11","2","10430"
"3NAYII2F","2UQ7Z","2020/04/30","KIX1 - 堺市, Osaka","着荷ウィンドウ (元払い)","2020/04/30","2020/05/11","11","54037"
"3HQOP6HM","2UQ7Z","2020/04/30","HND9 - 川崎市, 神奈川県","着荷ウィンドウ (元払い)","2020/04/30","2020/05/11","2","5561"
"4K5JQ4LH","2UQ7Z","2020/04/28","NRT1 - 市川市, Chiba","着荷ウィンドウ (元払い)","2020/04/28","2020/05/07","2","14687"
"7KMLAAOS","2UQ7Z","2020/04/28","KIX3 - 茨木市, Osaka","着荷ウィンドウ (元払い)","2020/04/28","2020/05/07","7","23612"
"5YY18AQG","2UQ7Z","2020/04/28","KIX1 - 堺市, Osaka","着荷ウィンドウ (元払い)","2020/04/28","2020/05/07","103","344583"
"5UHIAETW","2UQ7Z","2020/04/28","HSG1 - 鳥栖市, Saga","着荷ウィンドウ (元払い)","2020/04/28","2020/05/07","2","13833"
"7E63TZUN","2UQ7Z","2020/04/28","HND8 - 八王子市, Tokyo","着荷ウィンドウ (元払い)","2020/04/28","2020/05/07","5","28866"
"7ON4743T","2UQ7Z","2020/04/28","TYO1 - 川口市, 埼玉県","着荷ウィンドウ (元払い)","2020/04/28","2020/05/07","3","13083"
"1UUL6L9I","2UQ7Z","2020/04/28","OKJ1 - 総社市, Okayama","着荷ウィンドウ (元払い)","2020/04/28","2020/05/07","2","13833"
"6ZR6K8TH","WP1A4","2020/04/28","HND8 - 八王子市, Tokyo","着荷ウィンドウ (元払い)","2020/04/28","2020/05/07","8","8267"
"6KNBLKIO","WP1A4","2020/04/28","KIX3 - 茨木市, Osaka","着荷ウィンドウ (元払い)","2020/04/28","2020/05/07","3","1592"
"6ISJZGNZ","WP1A4","2020/04/28","KIX5 - 京田辺市, 京都府","着荷ウィンドウ (元払い)","2020/04/28","2020/05/07","6","3374"
"4GGKFWGO","WP1A4","2020/04/28","FSZ1 - 小田原市, Kanagawa","着荷ウィンドウ (元払い)","2020/04/28","2020/05/07","1","459"
"4ELSTSLZ","WP1A4","2020/04/28","HND6 - 川崎市, Kanagawa","着荷ウィンドウ (元払い)","2020/04/28","2020/05/07","6","3276"
"2PB69WZY","WP1A4","2020/04/27","OKJ1 - 総社市, Okayama","着荷ウィンドウ (元払い)","2020/04/27","2020/05/01","3","1743"
"8U57KFDR","WP1A4","2020/04/27","FSZ1 - 小田原市, Kanagawa","着荷ウィンドウ (元払い)","2020/04/27","2020/05/01","9","4583"
"8RYNTJ2Z","WP1A4","2020/04/27","TYO1 - 川口市, 埼玉県","着荷ウィンドウ (元払い)","2020/04/27","2020/05/01","3","1321"
"2U8VSONL","WP1A4","2020/04/27","HND6 - 川崎市, Kanagawa","着荷ウィンドウ (元払い)","2020/04/27","2020/05/01","22","17253"
"89BQ4QBC","WP1A4","2020/04/27","KIX5 - 京田辺市, 京都府","着荷ウィンドウ (元払い)","2020/04/27","2020/05/01","9","4583"
"848NWAHM","WP1A4","2020/04/27","KIX3 - 茨木市, Osaka","着荷ウィンドウ (元払い)","2020/04/27","2020/05/01","20","12228"
"6TRHSJNX","2UQ7Z","2020/04/27","TPFA - 野田市, Chiba","着荷ウィンドウ (元払い)","2020/04/27","2020/05/01","14","192678"
"4MX19HID","2UQ7Z","2020/04/27","FSZ1 - 小田原市, Kanagawa","着荷ウィンドウ (元払い)","2020/04/27","2020/05/01","107","362027"
"4GLQPHQE","2UQ7Z","2020/04/27","HSG1 - 鳥栖市, Saga","着荷ウィンドウ (元払い)","2020/04/27","2020/05/01","4","22762"
"4CLGDHKX","2UQ7Z","2020/04/27","HND9 - 川崎市, 神奈川県","着荷ウィンドウ (元払い)","2020/04/27","2020/05/01","6","24304"
"4AQORDPI","2UQ7Z","2020/04/27","HSG1 - 鳥栖市, Saga","着荷ウィンドウ (元払い)","2020/04/27","2020/05/01","3","15920"
"484XFLNN","2UQ7Z","2020/04/27","KIX3 - 茨木市, Osaka","着荷ウィンドウ (元払い)","2020/04/27","2020/05/01","10","53111"
"45YEOPCV","2UQ7Z","2020/04/27","HND3 - 比企郡 川島町, Saitama","着荷ウィンドウ (元払い)","2020/04/27","2020/05/01","3","46670"
"444N3LHG","2UQ7Z","2020/04/27","OKJ1 - 総社市, Okayama","着荷ウィンドウ (元払い)","2020/04/27","2020/05/01","4","14283"
"6WE95BPS","2UQ7Z","2020/04/27","NRT2 - 八千代市, Chiba","着荷ウィンドウ (元払い)","2020/04/27","2020/05/01","3","5880"
"6K7WN7WX","2UQ7Z","2020/04/27","KIX5 - 京田辺市, 京都府","着荷ウィンドウ (元払い)","2020/04/27","2020/05/01","102","340222"
"6542OJLE","2UQ7Z","2020/04/27","HND6 - 川崎市, Kanagawa","着荷ウィンドウ (元払い)","2020/04/27","2020/05/01","103","344583"
"4SS37LJZ","2UQ7Z","2020/04/27","NGO2 - 多治見市, Gifu","着荷ウィンドウ (元払い)","2020/04/27","2020/05/01","1","1960"
"4BIOI1WO","2UQ7Z","2020/04/27","KIX2 - 大東市, Osaka","着荷ウィンドウ (元払い)","2020/04/27","2020/05/01","2","3920"
"6KLGO66V","WP1A4","2020/04/24","KIX5 - 京田辺市, 京都府","着荷ウィンドウ (元払い)","2020/04/24","2020/04/30","115","159906"
"2VQ6QPLR","WP1A4","2020/04/24","FSZ1 - 小田原市, Kanagawa","着荷ウィンドウ (元払い)","2020/04/24","2020/04/30","59","92969"
"8T1LFW6E","WP1A4","2020/04/24","HND6 - 川崎市, Kanagawa","着荷ウィンドウ (元払い)","2020/04/24","2020/04/30","147","193924"
"3IXZU5WF","WP1A4","2020/04/24","NGO2 - 多治見市, Gifu","着荷ウィンドウ (元払い)","2020/04/24","2020/04/30","16","19917"
"6UGWQOHV","WP1A4","2020/04/24","OKJ1 - 総社市, Okayama","着荷ウィンドウ (元払い)","2020/04/24","2020/04/30","41","48510"
"7E6TPA9A","WP1A4","2020/04/24","NRT1 - 市川市, Chiba","着荷ウィンドウ (元払い)","2020/04/24","2020/04/30","27","35554"
"5E5BL92F","WP1A4","2020/04/24","HND8 - 八王子市, Tokyo","着荷ウィンドウ (元払い)","2020/04/24","2020/04/30","62","76470"
"141ACX5O","WP1A4","2020/04/24","HSG1 - 鳥栖市, Saga","着荷ウィンドウ (元払い)","2020/04/24","2020/04/30","54","66278"
"8PHIORQA","WP1A4","2020/04/24","TYO1 - 川口市, 埼玉県","着荷ウィンドウ (元払い)","2020/04/24","2020/04/30","48","59854"
"1CNJ3WIF","WP1A4","2020/04/24","KIX3 - 茨木市, Osaka","着荷ウィンドウ (元払い)","2020/04/24","2020/04/30","108","146132"
"6CAF7KPV","2UQ7Z","2020/04/24","FSZ1 - 小田原市, Kanagawa","着荷ウィンドウ (元払い)","2020/04/24","2020/04/30","106","381359"
"4WBN1URQ","2UQ7Z","2020/04/24","KIX3 - 茨木市, Osaka","着荷ウィンドウ (元払い)","2020/04/24","2020/04/30","113","422507"
"5L3GR13B","2UQ7Z","2020/04/24","VJNA - 柏市, 千葉県","着荷ウィンドウ (元払い)","2020/04/24","2020/04/30","13","193050"
"53T32GGQ","2UQ7Z","2020/04/24","VJNB - 神戸市, 兵庫県","着荷ウィンドウ (元払い)","2020/04/24","2020/04/30","20","383090"
"52A3L52E","2UQ7Z","2020/04/24","HSG1 - 鳥栖市, Saga","着荷ウィンドウ (元払い)","2020/04/24","2020/04/30","115","434079"
"83KDVBBQ","2UQ7Z","2020/04/16","VJNC - 東大阪市, 大阪府","着荷ウィンドウ (元払い)","2020/04/16","2020/04/22","1","211500"
"6S1MZR9F","2UQ7Z","2020/04/13","VJNA - 柏市, 千葉県","着荷ウィンドウ (元払い)","2020/04/13","2020/04/17","1","211500"
"69Q6HVMK","WP1A4","2020/04/10","HND8 - 八王子市, Tokyo","着荷ウィンドウ (元払い)","2020/04/10","2020/04/15","2","1250"
"1SDQE5UL","WP1A4","2020/04/10","HND6 - 川崎市, Kanagawa","着荷ウィンドウ (元払い)","2020/04/10","2020/04/15","4","3818"
"7GEAUBEX","WP1A4","2020/04/09","HND8 - 八王子市, Tokyo","着荷ウィンドウ (元払い)","2020/04/09","2020/04/14","15","14177"
"68LT1X8D","WP1A4","2020/04/09","HND6 - 川崎市, Kanagawa","着荷ウィンドウ (元払い)","2020/04/09","2020/04/14","10","9986"
"8QWB3SFP","2UQ7Z","2020/04/09","HND8 - 八王子市, Tokyo","着荷ウィンドウ (元払い)","2020/04/09","2020/04/15","7","44966"
"1EN592AW","WP1A4","2020/04/09","HND8 - 八王子市, Tokyo","着荷ウィンドウ (元払い)","2020/04/09","2020/04/14","1","1239"
"8WMCK21O","WP1A4","2020/04/08","HSG1 - 鳥栖市, Saga","着荷ウィンドウ (元払い)","2020/04/08","2020/04/13","2","1554"
"2VYKYNON","WP1A4","2020/04/08","HND8 - 八王子市, Tokyo","着荷ウィンドウ (元払い)","2020/04/08","2020/04/13","1","4196"
"24J6MLIT","WP1A4","2020/04/08","HND8 - 八王子市, Tokyo","着荷ウィンドウ (元払い)","2020/04/08","2020/04/13","1","1371"
"37UWZ2XG","2UQ7Z","2020/04/08","TPF7 - 印西市, 千葉県","着荷ウィンドウ (元払い)","2020/04/08","2020/04/13","2","360000"
"46LPGCZP","WP1A4","2020/04/07","HND6 - 川崎市, Kanagawa","着荷ウィンドウ (元払い)","2020/04/07","2020/04/10","6","8765"
"83KHFQZB","WP1A4","2020/04/03","HSG1 - 鳥栖市, Saga","着荷ウィンドウ (元払い)","2020/04/03","2020/04/08","6","9110"
"8AT9HL7Y","WP1A4","2020/04/01","VJNB - 神戸市, 兵庫県","着荷ウィンドウ (元払い)","2020/04/01","2020/04/06","2","14706"
"6PH8NQWM","WP1A4","2020/04/01","FSZ1 - 小田原市, Kanagawa","着荷ウィンドウ (元払い)","2020/04/01","2020/04/06","1","881"
"7WJZ6XAP","2UQ7Z","2020/03/31","TYO1 - 川口市, 埼玉県","着荷ウィンドウ (元払い)","2020/04/07","2020/04/14","8","45569"
"7HAOR6OW","2UQ7Z","2020/03/31","HND8 - 八王子市, Tokyo","着荷ウィンドウ (元払い)","2020/04/07","2020/04/14","19","99085"
"6F6QLS4C","2UQ7Z","2020/03/31","OKJ1 - 総社市, Okayama","着荷ウィンドウ (元払い)","2020/04/07","2020/04/14","5","29924"
"6DBYZO9N","2UQ7Z","2020/03/31","HND6 - 川崎市, Kanagawa","着荷ウィンドウ (元払い)","2020/04/07","2020/04/14","27","156201"
"2FD4N79W","2UQ7Z","2020/03/30","NGO2 - 多治見市, Gifu","着荷ウィンドウ (元払い)","2020/03/30","2020/04/02","4","27666"
"28Q2YF1U","2UQ7Z","2020/03/30","HND6 - 川崎市, Kanagawa","着荷ウィンドウ (元払い)","2020/03/30","2020/04/02","7","61193"
"25SJHUIW","2UQ7Z","2020/03/30","NRT1 - 市川市, Chiba","着荷ウィンドウ (元払い)","2020/03/30","2020/04/02","102","350444"
"1EN7SCLJ","2UQ7Z","2020/03/30","KIX1 - 堺市, Osaka","着荷ウィンドウ (元払い)","2020/03/30","2020/04/02","9","44806"
"11OVKKLI","2UQ7Z","2020/03/30","HSG1 - 鳥栖市, Saga","着荷ウィンドウ (元払い)","2020/03/30","2020/04/02","5","27770"
"2BNLFYJS","2UQ7Z","2020/03/30","HND8 - 八王子市, Tokyo","着荷ウィンドウ (元払い)","2020/03/30","2020/04/02","17","99692"
"8FNQ33MQ","2UQ7Z","2020/03/27","TPF4 - 稲沢市, Aichi","着荷ウィンドウ (元払い)","2020/03/27","2020/04/01","1","8925"
"8CQ7LJ4S","2UQ7Z","2020/03/27","KIX3 - 茨木市, Osaka","着荷ウィンドウ (元払い)","2020/03/27","2020/04/01","9","34478"
"891OEBEO","2UQ7Z","2020/03/27","HND6 - 川崎市, Kanagawa","着荷ウィンドウ (元払い)","2020/03/27","2020/04/01","9","32854"
"79HTTHSK","2UQ7Z","2020/03/27","KIX5 - 京田辺市, 京都府","着荷ウィンドウ (元払い)","2020/03/27","2020/04/01","16","62066"
"85C673OK","2UQ7Z","2020/03/27","OKJ1 - 総社市, Okayama","着荷ウィンドウ (元払い)","2020/03/27","2020/04/01","104","347439"
"7HYN4DVB","2UQ7Z","2020/03/27","NGO2 - 多治見市, Gifu","着荷ウィンドウ (元払い)","2020/03/27","2020/04/01","5","20541"
"78PU3TLE","2UQ7Z","2020/03/27","HND8 - 八王子市, Tokyo","着荷ウィンドウ (元払い)","2020/03/27","2020/04/01","2","6860"
"75HJHHMD","2UQ7Z","2020/03/27","TYO1 - 川口市, 埼玉県","着荷ウィンドウ (元払い)","2020/03/27","2020/04/01","3","10794"
"73MRVDRO","2UQ7Z","2020/03/27","NRT1 - 市川市, Chiba","着荷ウィンドウ (元払い)","2020/03/27","2020/04/01","5","18333"
"68AVQ99I","2UQ7Z","2020/03/27","HSG1 - 鳥栖市, Saga","着荷ウィンドウ (元払い)","2020/03/27","2020/04/01","2","8722"
"8C741B9B","WP1A4","2020/03/26","VJNC - 東大阪市, 大阪府","着荷ウィンドウ (元払い)","2020/03/26","2020/05/31","8","58824"
"4OKLY4YH","2UQ7Z","2020/03/26","KIX3 - 茨木市, Osaka","着荷ウィンドウ (元払い)","2020/03/26","2020/03/31","111","375276"
"8ENIOE5T","2UQ7Z","2020/03/26","TYO1 - 川口市, 埼玉県","着荷ウィンドウ (元払い)","2020/03/26","2020/03/31","6","23093"
"4SQCR8FO","2UQ7Z","2020/03/26","HND6 - 川崎市, Kanagawa","着荷ウィンドウ (元払い)","2020/03/26","2020/03/31","113","381019"
"4WW3KBVV","2UQ7Z","2020/03/26","NRT1 - 市川市, Chiba","着荷ウィンドウ (元払い)","2020/03/26","2020/03/31","9","41007"
"4LHQSVAG","2UQ7Z","2020/03/26","KIX1 - 堺市, Osaka","着荷ウィンドウ (元払い)","2020/03/26","2020/03/31","2","8722"
"4EUP542E","2UQ7Z","2020/03/26","OKJ1 - 総社市, Okayama","着荷ウィンドウ (元払い)","2020/03/26","2020/03/31","4","11632"
"4E3PEFUY","2UQ7Z","2020/03/26","NGO2 - 多治見市, Gifu","着荷ウィンドウ (元払い)","2020/03/26","2020/03/31","110","369425"
"3D7UHEWU","2UQ7Z","2020/03/26","KIX5 - 京田辺市, 京都府","着荷ウィンドウ (元払い)","2020/03/26","2020/03/31","210","735024"
"7JITIY4P","2UQ7Z","2020/03/19","HND8 - 八王子市, Tokyo","着荷ウィンドウ (元払い)","2020/03/19","2020/03/25","3","13969"
"4PQOBYSA","2UQ7Z","2020/03/19","FSZ1 - 小田原市, Kanagawa","着荷ウィンドウ (元払い)","2020/03/19","2020/03/25","119","419797"
"6O2ZVDWT","2UQ7Z","2020/03/19","KIX1 - 堺市, Osaka","着荷ウィンドウ (元払い)","2020/03/19","2020/03/25","4","20266"
"7CW7YSCB","2UQ7Z","2020/03/19","KIX5 - 京田辺市, 京都府","着荷ウィンドウ (元払い)","2020/03/19","2020/03/25","107","367140"
"3SCA2GYA","2UQ7Z","2020/03/19","HND6 - 川崎市, Kanagawa","着荷ウィンドウ (元払い)","2020/03/19","2020/03/25","221","763709"
"3W9UNZOT","2UQ7Z","2020/03/18","KIX5 - 京田辺市, 京都府","着荷ウィンドウ (元払い)","2020/03/18","2020/03/23","6","40219"
"6EV1UWDB","2UQ7Z","2020/03/17","HND6 - 川崎市, Kanagawa","着荷ウィンドウ (元払い)","2020/03/17","2020/03/23","8","30731"
"33OL4IIQ","2UQ7Z","2020/03/17","TPF2 - 比企郡, Saitama","着荷ウィンドウ (元払い)","2020/03/17","2020/03/23","4","38433"
"5EWEKTOJ","2UQ7Z","2020/03/17","KIX1 - 堺市, Osaka","着荷ウィンドウ (元払い)","2020/03/17","2020/03/23","100","331500"
"6FJVABUY","WP1A4","2020/03/13","HND6 - 川崎市, Kanagawa","着荷ウィンドウ (元払い)","2020/03/13","2020/03/18","6","5673"
"4JGVNWFM","WP1A4","2020/03/12","HND8 - 八王子市, Tokyo","着荷ウィンドウ (元払い)","2020/03/12","2020/03/17","4","8861"
"4GOSNG7O","WP1A4","2020/03/12","OKJ1 - 総社市, Okayama","着荷ウィンドウ (元払い)","2020/03/12","2020/03/17","4","7558"
"8UQ3UBAL","WP1A4","2020/03/12","KIX5 - 京田辺市, 京都府","着荷ウィンドウ (元払い)","2020/03/12","2020/03/17","9","13490"